Component	Forward sequence	Reverse sequence
NB01	CACAAAGACACCGACAACTTTCTT	AAGAAAGTTGTCGGTGTCTTTGTG
NB02	ACAGACGACTACAAACGGAATCGA	TCGATTCCGTTTGTAGTCGTCTGT
NB03	CCTGGTAACTGGGACACAAGACTC	GAGTCTTGTGTCCCAGTTACCAGG
NB04	TAGGGAAACACGATAGAATCCGAA	TTCGGATTCTATCGTGTTTCCCTA
NB05	AAGGTTACACAAACCCTGGACAAG	CTTGTCCAGGGTTTGTGTAACCTT
NB06	GACTACTTTCTGCCTTTGCGAGAA	TTCTCGCAAAGGCAGAAAGTAGTC
NB07	AAGGATTCATTCCCACGGTAACAC	GTGTTACCGTGGGAATGAATCCTT
NB08	ACGTAACTTGGTTTGTTCCCTGAA	TTCAGGGAACAAACCAAGTTACGT
NB09	AACCAAGACTCGCTGTGCCTAGTT	AACTAGGCACAGCGAGTCTTGGTT
NB10	GAGAGGACAAAGGTTTCAACGCTT	AAGCGTTGAAACCTTTGTCCTCTC
NB11	TCCATTCCCTCCGATAGATGAAAC	GTTTCATCTATCGGAGGGAATGGA
NB12	TCCGATTCTGCTTCTTTCTACCTG	CAGGTAGAAAGAAGCAGAATCGGA
NB13	AGAACGACTTCCATACTCGTGTGA	TCACACGAGTATGGAAGTCGTTCT
NB14	AACGAGTCTCTTGGGACCCATAGA	TCTATGGGTCCCAAGAGACTCGTT
NB15	AGGTCTACCTCGCTAACACCACTG	CAGTGGTGTTAGCGAGGTAGACCT
NB16	CGTCAACTGACAGTGGTTCGTACT	AGTACGAACCACTGTCAGTTGACG
NB17	ACCCTCCAGGAAAGTACCTCTGAT	ATCAGAGGTACTTTCCTGGAGGGT
NB18	CCAAACCCAACAACCTAGATAGGC	GCCTATCTAGGTTGTTGGGTTTGG
NB19	GTTCCTCGTGCAGTGTCAAGAGAT	ATCTCTTGACACTGCACGAGGAAC
NB20	TTGCGTCCTGTTACGAGAACTCAT	ATGAGTTCTCGTAACAGGACGCAA
NB21	GAGCCTCTCATTGTCCGTTCTCTA	TAGAGAACGGACAATGAGAGGCTC
NB22	ACCACTGCCATGTATCAAAGTACG	CGTACTTTGATACATGGCAGTGGT
NB23	CTTACTACCCAGTGAACCTCCTCG	CGAGGAGGTTCACTGGGTAGTAAG
NB24	GCATAGTTCTGCATGATGGGTTAG	CTAACCCATCATGCAGAACTATGC